id,first_name,last_name,email,gender,ip_address
1,Northrup,Marrison,nmarrison0@nbcnews.com,Genderfluid,106.169.32.119
2,Cullen,Penhearow,cpenhearow1@imdb.com,Genderfluid,188.101.172.224
3,Miguela,Cordobes,mcordobes2@upenn.edu,Agender,99.53.95.18
4,Carmen,Baumber,cbaumber3@dedecms.com,Genderqueer,104.18.189.93
5,Helaine,Boreham,hboreham4@baidu.com,Genderqueer,68.34.201.247
6,Tonye,Jonczyk,tjonczyk5@twitpic.com,Genderfluid,116.117.61.93
7,Hazel,Hindmoor,hhindmoor6@nih.gov,Genderqueer,30.163.187.126
8,Sarina,Strephan,sstrephan7@pagesperso-orange.fr,Non-binary,69.20.24.55
9,Brantley,Christiensen,bchristiensen8@unesco.org,Polygender,40.244.218.158
10,Ninnetta,Blench,nblench9@bloglines.com,Bigender,69.107.16.153
11,Melony,Smorthwaite,msmorthwaitea@blogtalkradio.com,Agender,73.83.164.89
12,Susannah,Haruard,sharuardb@hud.gov,Polygender,83.228.171.224
13,Beverley,Boyn,bboync@desdev.cn,Genderfluid,92.108.118.104
14,Annadiane,Stirley,astirleyd@statcounter.com,Male,134.129.245.197
15,Rianon,Easey,reaseye@pagesperso-orange.fr,Male,154.187.146.175
16,Godfree,Brandassi,gbrandassif@upenn.edu,Genderqueer,185.7.200.118
17,Christy,Potapczuk,cpotapczukg@com.com,Agender,225.196.108.203
18,Estevan,Rankmore,erankmoreh@ask.com,Agender,226.9.209.19
19,Agata,Luna,alunai@narod.ru,Genderfluid,224.236.218.209
20,Gunter,Wickett,gwickettj@shareasale.com,Male,73.160.31.47
21,Egor,Nutton,enuttonk@t-online.de,Bigender,105.153.1.14
22,Orbadiah,Chapelhow,ochapelhowl@ask.com,Genderqueer,88.47.131.213
23,Daune,Holson,dholsonm@virginia.edu,Genderqueer,161.136.10.188
24,Carleen,Burston,cburstonn@behance.net,Polygender,96.222.80.38
25,Carola,McKeady,cmckeadyo@nasa.gov,Agender,5.223.238.153
26,Obie,Patry,opatryp@storify.com,Male,13.213.179.64
27,Holt,Cahalin,hcahalinq@go.com,Genderqueer,54.171.168.200
28,Austin,Sibson,asibsonr@netvibes.com,Agender,196.190.18.75
29,Yettie,Kless,yklesss@chronoengine.com,Agender,227.1.180.245
30,Adora,Batty,abattyt@163.com,Genderqueer,231.108.52.159
31,Marge,Gadsdon,mgadsdonu@cyberchimps.com,Genderfluid,187.210.160.202
32,Tim,Cossar,tcossarv@sourceforge.net,Genderqueer,242.211.79.113
33,Tully,Dalli,tdalliw@blog.com,Bigender,91.57.181.45
34,Katya,Allenson,kallensonx@nps.gov,Female,225.225.176.165
35,Zelda,Squirrel,zsquirrely@howstuffworks.com,Female,225.214.44.186
36,Aeriela,Mowatt,amowattz@google.ru,Bigender,117.21.22.235
37,Gilligan,Guyonneau,gguyonneau10@miibeian.gov.cn,Polygender,152.239.254.139
38,Tawsha,Bontoft,tbontoft11@oaic.gov.au,Agender,32.11.134.198
39,Nikolia,Matuszyk,nmatuszyk12@google.de,Female,58.83.202.39
40,Dannel,Messer,dmesser13@slashdot.org,Polygender,36.132.112.158
41,Papagena,Greggersen,pgreggersen14@newsvine.com,Bigender,164.238.37.29
42,Oswell,Detoc,odetoc15@nih.gov,Polygender,56.69.135.47
43,Trish,Jannaway,tjannaway16@51.la,Male,221.114.107.9
44,Julian,Pinkard,jpinkard17@geocities.com,Genderfluid,18.57.120.204
45,Jeannie,Wignall,jwignall18@issuu.com,Female,233.130.113.190
46,Beck,Ghilardini,bghilardini19@archive.org,Male,212.220.44.55
47,Dar,Hawkett,dhawkett1a@flickr.com,Male,142.93.37.140
48,Madelin,Marron,mmarron1b@123-reg.co.uk,Agender,81.47.255.184
49,Kaine,Brecon,kbrecon1c@issuu.com,Genderqueer,79.112.237.21
50,Wallas,Frankema,wfrankema1d@addtoany.com,Polygender,153.79.87.232
51,Kissee,MacCafferky,kmaccafferky1e@360.cn,Non-binary,91.217.172.159
52,Thornie,Pledge,tpledge1f@theatlantic.com,Agender,158.120.102.234
53,Florian,Baud,fbaud1g@marketwatch.com,Bigender,34.232.23.168
54,Kathe,Dunthorn,kdunthorn1h@pagesperso-orange.fr,Genderqueer,231.105.190.248
55,Chantalle,English,cenglish1i@mediafire.com,Genderfluid,126.22.239.225
56,Franz,Gair,fgair1j@tripadvisor.com,Bigender,213.41.18.124
57,Marylou,Pickford,mpickford1k@wired.com,Bigender,226.85.111.94
58,Avigdor,Flecknell,aflecknell1l@discuz.net,Genderqueer,179.171.82.96
59,Milty,Sibbe,msibbe1m@google.co.jp,Male,66.133.143.7
60,Indira,Beauly,ibeauly1n@usnews.com,Polygender,7.68.50.20
61,Georg,Everleigh,geverleigh1o@google.co.jp,Genderfluid,41.123.134.121
62,Dolley,Shortell,dshortell1p@walmart.com,Genderqueer,155.232.144.181
63,Corney,Grigoliis,cgrigoliis1q@dion.ne.jp,Non-binary,246.46.121.245
64,Gennie,Bartke,gbartke1r@merriam-webster.com,Polygender,54.217.135.200
65,Thedrick,Hassur,thassur1s@shutterfly.com,Polygender,173.81.219.146
66,Harriot,Vaissiere,hvaissiere1t@barnesandnoble.com,Female,144.247.174.16
67,Tallulah,Parrington,tparrington1u@marriott.com,Genderfluid,107.115.0.153
68,Decca,Van Merwe,dvanmerwe1v@woothemes.com,Female,73.109.35.32
69,Misha,Simmons,msimmons1w@reverbnation.com,Genderqueer,97.99.199.5
70,Quintana,Nealand,qnealand1x@youku.com,Female,174.189.82.195
71,Flinn,Haffenden,fhaffenden1y@springer.com,Genderfluid,58.176.170.120
72,Sayre,Minci,sminci1z@baidu.com,Non-binary,21.207.29.113
73,Art,Sabater,asabater20@elpais.com,Female,124.85.205.98
74,Ansell,Himpson,ahimpson21@youtu.be,Bigender,107.71.56.145
75,Cleve,Odom,codom22@1688.com,Genderfluid,146.130.246.253
76,Sibbie,De Bruijne,sdebruijne23@google.ru,Polygender,9.255.241.173
77,Payton,Beckson,pbeckson24@furl.net,Genderfluid,255.75.148.125
78,Adey,Wooller,awooller25@japanpost.jp,Genderqueer,76.193.38.109
79,Ive,Carvilla,icarvilla26@noaa.gov,Genderqueer,177.158.123.101
80,Maribelle,Basill,mbasill27@jalbum.net,Male,160.166.177.252
81,Hettie,Durrington,hdurrington28@archive.org,Polygender,233.186.216.203
82,Sarge,Ishak,sishak29@topsy.com,Genderfluid,251.155.177.40
83,Pia,Scapens,pscapens2a@google.de,Genderfluid,148.211.183.83
84,Edythe,Salvatore,esalvatore2b@domainmarket.com,Genderfluid,178.155.202.244
85,Lorianna,Beeckx,lbeeckx2c@mysql.com,Genderqueer,167.64.128.225
86,Marieann,Tutin,mtutin2d@icq.com,Non-binary,85.45.195.205
87,Rafaello,Benwell,rbenwell2e@japanpost.jp,Genderfluid,175.148.50.127
88,Vina,Balling,vballing2f@buzzfeed.com,Agender,216.127.164.144
89,Maxy,Nunan,mnunan2g@taobao.com,Genderfluid,196.207.27.36
90,Rozella,Glamart,rglamart2h@cafepress.com,Male,231.191.146.22
91,Victor,Kellet,vkellet2i@tumblr.com,Bigender,117.61.251.239
92,Adela,Paladino,apaladino2j@wordpress.com,Bigender,203.76.96.235
93,Malynda,Wisniowski,mwisniowski2k@last.fm,Non-binary,83.238.101.255
94,Roxine,Dymock,rdymock2l@shop-pro.jp,Male,155.221.253.168
95,Mildrid,Corpes,mcorpes2m@tamu.edu,Bigender,83.192.103.200
96,Rubin,Brownjohn,rbrownjohn2n@chicagotribune.com,Non-binary,93.227.60.4
97,Dorree,Starie,dstarie2o@photobucket.com,Genderfluid,110.125.44.185
98,Mabelle,De Cristofalo,mdecristofalo2p@facebook.com,Agender,240.121.62.68
99,Carilyn,Febre,cfebre2q@about.com,Male,182.203.112.176
100,Guenevere,Cattrall,gcattrall2r@istockphoto.com,Male,182.120.27.150
101,Michele,Bogaert,mbogaert2s@howstuffworks.com,Genderqueer,188.50.33.140
102,Miltie,Munnery,mmunnery2t@huffingtonpost.com,Non-binary,213.208.241.205
103,Reine,de Aguirre,rdeaguirre2u@hhs.gov,Polygender,174.113.19.166
104,Conant,Usher,cusher2v@nba.com,Female,12.44.187.36
105,Albertina,Burchett,aburchett2w@dagondesign.com,Genderqueer,94.74.253.76
106,Adiana,Houlden,ahoulden2x@last.fm,Genderfluid,188.228.239.124
107,Chelsy,Lofty,clofty2y@yale.edu,Agender,207.84.152.115
108,Nestor,Dmych,ndmych2z@utexas.edu,Female,210.201.170.177
109,Debera,Emmens,demmens30@com.com,Agender,27.250.153.23
110,Othilie,Hansom,ohansom31@princeton.edu,Non-binary,235.168.134.252
111,Leia,Rubra,lrubra32@scribd.com,Female,156.74.46.88
112,Bear,Behnecke,bbehnecke33@networksolutions.com,Polygender,75.152.106.172
113,Markos,Hamnett,mhamnett34@sbwire.com,Genderqueer,25.211.11.203
114,Dolores,Domaschke,ddomaschke35@hostgator.com,Genderqueer,231.54.236.182
115,Myrtice,Surguine,msurguine36@stanford.edu,Female,154.19.137.28
116,Norris,Whyley,nwhyley37@economist.com,Bigender,229.185.149.17
117,Car,Silverwood,csilverwood38@quantcast.com,Genderfluid,120.197.173.200
118,Casey,Climance,cclimance39@usnews.com,Polygender,134.172.34.89
119,Tiphani,Fryd,tfryd3a@usnews.com,Polygender,167.68.73.60
120,Julieta,Devote,jdevote3b@intel.com,Genderfluid,166.227.43.151
121,Sherye,Burchett,sburchett3c@google.pl,Genderfluid,112.170.196.80
122,Linnet,Volleth,lvolleth3d@edublogs.org,Female,228.178.231.202
123,Courtney,Kenwright,ckenwright3e@google.ru,Male,160.227.155.172
124,Ddene,Bunney,dbunney3f@tmall.com,Agender,59.28.100.148
125,Sterne,Witherdon,switherdon3g@storify.com,Polygender,86.229.190.251
126,Ninnetta,Lippiett,nlippiett3h@redcross.org,Genderqueer,44.78.99.213
127,Wyatt,Fawlkes,wfawlkes3i@i2i.jp,Female,173.98.157.78
128,Kelbee,Cammacke,kcammacke3j@noaa.gov,Agender,139.205.206.39
129,Hailey,Montez,hmontez3k@flavors.me,Female,70.251.181.209
130,Jeannie,Alcock,jalcock3l@fda.gov,Genderqueer,59.21.138.200
131,Morgan,McClements,mmcclements3m@newyorker.com,Agender,50.185.6.33
132,Charmion,Millier,cmillier3n@diigo.com,Genderqueer,106.28.229.83
133,Saxe,Dearan,sdearan3o@bravesites.com,Agender,14.214.231.184
134,Rowland,M'Quhan,rmquhan3p@disqus.com,Non-binary,47.31.223.244
135,Ky,Martinot,kmartinot3q@youku.com,Non-binary,76.143.244.5
136,Lothario,Mainland,lmainland3r@wisc.edu,Polygender,116.213.199.74
137,Daren,Goodbur,dgoodbur3s@google.cn,Polygender,140.22.225.253
138,Georgi,Rockhall,grockhall3t@reuters.com,Genderfluid,227.15.135.123
139,Jesus,Kasperski,jkasperski3u@timesonline.co.uk,Male,206.118.223.19
140,Lian,Tropman,ltropman3v@com.com,Female,207.132.148.52
141,Pierce,Paniman,ppaniman3w@mapquest.com,Non-binary,110.17.0.38
142,Diandra,Askaw,daskaw3x@so-net.ne.jp,Bigender,63.127.157.92
143,Doreen,Gude,dgude3y@behance.net,Genderqueer,147.92.205.142
144,Edie,O'Downe,eodowne3z@census.gov,Male,19.190.169.99
145,Yuri,Blindt,yblindt40@freewebs.com,Female,45.228.115.177
146,Jaquenetta,Deamer,jdeamer41@people.com.cn,Male,115.173.87.6
147,Anita,Southcombe,asouthcombe42@g.co,Genderqueer,76.121.217.27
148,Krishna,Welbourn,kwelbourn43@dedecms.com,Agender,50.127.161.133
149,Willie,Green,wgreen44@phpbb.com,Non-binary,141.105.43.15
150,Carlina,Hemphill,chemphill45@blog.com,Genderqueer,114.160.52.32
151,Aile,Wisby,awisby46@hud.gov,Male,247.94.55.116
152,Nathalie,Tregensoe,ntregensoe47@cornell.edu,Agender,180.77.81.113
153,Jackson,Mingauld,jmingauld48@wired.com,Bigender,192.53.62.178
154,Dena,Florez,dflorez49@slideshare.net,Non-binary,104.234.188.206
155,Netti,Wolpert,nwolpert4a@icio.us,Agender,10.109.25.46
156,Deerdre,Blythin,dblythin4b@flavors.me,Genderfluid,237.197.121.155
157,Norman,Molloy,nmolloy4c@nhs.uk,Agender,78.149.121.54
158,Joann,Gopsall,jgopsall4d@ucoz.ru,Agender,25.53.52.36
159,Christophorus,Boate,cboate4e@wisc.edu,Polygender,106.165.161.151
160,Parry,Apedaile,papedaile4f@wisc.edu,Genderqueer,56.244.163.97
161,Auria,Bagnal,abagnal4g@psu.edu,Genderqueer,193.44.46.168
162,Loy,Sebley,lsebley4h@hp.com,Female,33.170.198.199
163,Arnuad,Hillan,ahillan4i@bbb.org,Polygender,145.153.228.47
164,Kristen,Ickowicz,kickowicz4j@wordpress.com,Agender,241.85.74.196
165,Erny,Romei,eromei4k@indiegogo.com,Male,206.14.95.44
166,Emilee,Haacker,ehaacker4l@eepurl.com,Genderqueer,218.1.230.232
167,Ogden,Remer,oremer4m@w3.org,Bigender,180.198.245.150
168,Massimiliano,Myrick,mmyrick4n@soundcloud.com,Agender,106.84.97.12
169,Marlon,Eliot,meliot4o@seattletimes.com,Polygender,15.248.190.226
170,Padraic,Giacomelli,pgiacomelli4p@icq.com,Male,123.252.68.21
171,Boothe,Lambswood,blambswood4q@free.fr,Male,44.95.160.189
172,Minetta,Petrasch,mpetrasch4r@nhs.uk,Male,182.107.115.128
173,Maxy,Cornhill,mcornhill4s@archive.org,Genderfluid,233.135.207.217
174,Reid,Elder,relder4t@ed.gov,Male,60.59.89.164
175,Valentine,Lawler,vlawler4u@google.ru,Agender,154.211.192.96
176,Chrisy,Coldwell,ccoldwell4v@nsw.gov.au,Male,35.195.171.173
177,Roger,Kohrt,rkohrt4w@liveinternet.ru,Non-binary,107.71.182.21
178,Rancell,Furneaux,rfurneaux4x@mozilla.com,Non-binary,3.51.117.202
179,Sutton,Candey,scandey4y@goo.ne.jp,Polygender,235.175.232.187
180,Liz,Huston,lhuston4z@chron.com,Bigender,72.144.197.152
181,Christel,Rollings,crollings50@studiopress.com,Bigender,33.221.221.214
182,Barbaraanne,Stewart,bstewart51@salon.com,Genderqueer,116.222.184.169
183,Livvy,Budd,lbudd52@parallels.com,Female,201.118.14.253
184,Livy,Huzzay,lhuzzay53@oakley.com,Agender,15.29.77.183
185,Jessie,Bozward,jbozward54@w3.org,Non-binary,138.94.38.245
186,Vikki,Thompstone,vthompstone55@hc360.com,Female,96.22.122.180
187,Carie,Woodroff,cwoodroff56@sbwire.com,Genderfluid,136.28.105.159
188,Tracey,Pennini,tpennini57@gravatar.com,Polygender,1.179.145.71
189,Martie,Lendrem,mlendrem58@google.fr,Female,33.29.157.181
190,Glennie,Congrave,gcongrave59@digg.com,Female,178.122.56.228
191,Dosi,Klimontovich,dklimontovich5a@latimes.com,Female,127.165.75.94
192,Drona,Joyson,djoyson5b@adobe.com,Bigender,13.32.121.95
193,Ranique,Joiner,rjoiner5c@time.com,Genderqueer,158.168.154.111
194,Trudi,Trencher,ttrencher5d@blogspot.com,Male,143.67.80.26
195,Shurlock,Gallahar,sgallahar5e@bravesites.com,Polygender,147.30.79.53
196,Igor,Hultberg,ihultberg5f@networksolutions.com,Genderqueer,124.96.237.114
197,Henrietta,Livezey,hlivezey5g@answers.com,Genderfluid,212.241.197.36
198,Rosanne,Titterton,rtitterton5h@google.co.uk,Female,240.232.219.23
199,Annabell,Jerman,ajerman5i@cyberchimps.com,Female,65.114.214.226
200,Arie,Ander,aander5j@ucoz.com,Genderqueer,200.174.169.102
201,Elisabeth,Esposi,eesposi5k@amazon.co.jp,Genderfluid,79.80.167.60
202,Vanna,Keford,vkeford5l@amazon.de,Non-binary,10.119.234.35
203,Roanne,Passler,rpassler5m@studiopress.com,Agender,124.153.50.93
204,Moyra,Wodeland,mwodeland5n@over-blog.com,Genderfluid,55.237.214.149
205,Bradan,Jumont,bjumont5o@slashdot.org,Polygender,185.116.225.252
206,Hyatt,Vonasek,hvonasek5p@cocolog-nifty.com,Genderqueer,17.222.131.229
207,Lemmy,Jeppe,ljeppe5q@msu.edu,Non-binary,51.63.27.56
208,Quintilla,Fabri,qfabri5r@spotify.com,Non-binary,120.173.52.131
209,Dirk,Westcot,dwestcot5s@pen.io,Non-binary,236.228.48.185
210,Morganica,Gulland,mgulland5t@hugedomains.com,Agender,37.181.74.31
211,Tamqrah,Kennefick,tkennefick5u@dailymail.co.uk,Bigender,114.26.2.236
212,Kennan,Matschuk,kmatschuk5v@odnoklassniki.ru,Agender,225.151.180.87
213,Audrye,Hugli,ahugli5w@gizmodo.com,Non-binary,228.88.28.91
214,Susie,Cyson,scyson5x@reverbnation.com,Polygender,78.101.166.38
215,Cello,Grishenkov,cgrishenkov5y@shinystat.com,Bigender,122.240.18.133
216,Noble,Gookey,ngookey5z@yahoo.com,Female,188.99.201.96
217,Carola,Stuttman,cstuttman60@ycombinator.com,Male,28.64.16.184
218,Nickie,Rushworth,nrushworth61@rediff.com,Non-binary,64.228.216.30
219,Sena,Maskew,smaskew62@microsoft.com,Genderqueer,92.186.54.174
220,Pavia,Pendre,ppendre63@reverbnation.com,Agender,87.203.130.252
221,Tabbitha,Dome,tdome64@statcounter.com,Polygender,223.225.166.134
222,Dehlia,Benoist,dbenoist65@hubpages.com,Female,118.179.22.175
223,Celine,Pittendreigh,cpittendreigh66@macromedia.com,Polygender,199.14.120.243
224,Horatia,Mitkcov,hmitkcov67@ovh.net,Polygender,231.120.13.210
225,Melamie,Yesinov,myesinov68@freewebs.com,Genderqueer,228.180.163.205
226,Ollie,Cocking,ococking69@yale.edu,Polygender,113.72.184.70
227,Nellie,Amort,namort6a@diigo.com,Agender,176.150.195.127
228,Nerita,Richemond,nrichemond6b@tripadvisor.com,Female,25.53.103.116
229,Ellis,Passler,epassler6c@imageshack.us,Bigender,46.181.205.40
230,Fabian,Bonhomme,fbonhomme6d@utexas.edu,Female,36.91.150.108
231,Jobi,Whitehurst,jwhitehurst6e@ocn.ne.jp,Non-binary,31.115.32.56
232,Iris,McKea,imckea6f@godaddy.com,Genderfluid,137.200.129.214
233,Tyler,Scarrott,tscarrott6g@wordpress.com,Genderfluid,78.151.214.153
234,Bellina,Cunio,bcunio6h@globo.com,Genderqueer,243.161.112.142
235,Galvan,Weatherup,gweatherup6i@homestead.com,Polygender,61.91.90.4
236,Marshall,Eldredge,meldredge6j@parallels.com,Agender,238.159.182.216
237,Isidora,Andrin,iandrin6k@rambler.ru,Bigender,98.33.5.9
238,Gabriellia,Boulstridge,gboulstridge6l@google.de,Non-binary,253.30.217.132
239,Howie,Tomasz,htomasz6m@hibu.com,Female,73.245.16.189
240,Hillary,Stavers,hstavers6n@smugmug.com,Female,209.117.158.207
241,Wiley,Hakking,whakking6o@mac.com,Agender,253.48.156.216
242,Jane,Graddell,jgraddell6p@google.com.hk,Polygender,151.163.47.203
243,Stan,Bavin,sbavin6q@w3.org,Female,165.5.81.126
244,Freida,Caramuscia,fcaramuscia6r@mozilla.org,Female,229.35.169.224
245,Dani,Sowerbutts,dsowerbutts6s@blinklist.com,Polygender,181.97.38.195
246,Pippo,Fosdyke,pfosdyke6t@bbc.co.uk,Female,241.250.11.128
247,Dermot,Prater,dprater6u@merriam-webster.com,Male,128.71.34.145
248,Graham,Jarret,gjarret6v@seesaa.net,Genderfluid,254.23.162.188
249,Miltie,Muldownie,mmuldownie6w@utexas.edu,Non-binary,124.111.16.166
250,Cortney,Scarse,cscarse6x@woothemes.com,Female,59.46.53.221
251,Fabio,Brash,fbrash6y@fema.gov,Polygender,253.210.169.240
252,Andros,Maffini,amaffini6z@mit.edu,Genderqueer,171.125.55.246
253,Bailey,Senten,bsenten70@wiley.com,Polygender,247.43.11.12
254,Martelle,Fantin,mfantin71@marriott.com,Genderqueer,168.108.30.172
255,Emmie,Spadari,espadari72@jigsy.com,Genderqueer,165.239.176.163
256,Dot,McArd,dmcard73@cbc.ca,Genderqueer,131.111.183.83
257,Yoshi,Sandeman,ysandeman74@spiegel.de,Genderqueer,179.57.182.122
258,Korrie,Dugall,kdugall75@themeforest.net,Non-binary,228.138.214.162
259,Nikaniki,Jacobovitz,njacobovitz76@tripod.com,Agender,138.26.215.115
260,Duky,Rizzo,drizzo77@blogs.com,Bigender,5.125.141.105
261,Rafaellle,Waghorne,rwaghorne78@upenn.edu,Genderfluid,190.254.152.4
262,Fransisco,Jimpson,fjimpson79@miitbeian.gov.cn,Bigender,11.239.155.255
263,Cara,Tyres,ctyres7a@wired.com,Male,5.14.61.31
264,Cammy,Burl,cburl7b@deviantart.com,Male,14.89.40.38
265,Jennette,Krikorian,jkrikorian7c@princeton.edu,Male,236.217.118.25
266,Conrade,Claypole,cclaypole7d@prlog.org,Bigender,61.65.120.141
267,Elbert,Stefi,estefi7e@wordpress.org,Polygender,251.88.195.153
268,Gabey,Crasford,gcrasford7f@toplist.cz,Agender,20.74.181.238
269,Joice,Heatley,jheatley7g@utexas.edu,Polygender,187.188.94.136
270,Oby,Preble,opreble7h@java.com,Bigender,198.246.144.119
271,Ky,Coulbeck,kcoulbeck7i@purevolume.com,Bigender,143.60.99.218
272,Wilhelm,Kamall,wkamall7j@si.edu,Bigender,158.228.108.142
273,Stephanie,Feaster,sfeaster7k@wunderground.com,Male,85.139.218.248
274,Sharron,Lorait,slorait7l@microsoft.com,Polygender,80.141.119.61
275,Dewain,Bohey,dbohey7m@taobao.com,Genderqueer,202.11.7.38
276,Isis,Cerith,icerith7n@myspace.com,Male,107.185.74.191
277,De,Boyse,dboyse7o@hubpages.com,Genderqueer,169.181.123.201
278,Kimberlee,Labbett,klabbett7p@stanford.edu,Polygender,193.249.19.82
279,Farica,Marguerite,fmarguerite7q@clickbank.net,Agender,174.238.64.125
280,Josiah,Pearlman,jpearlman7r@goodreads.com,Bigender,200.54.45.182
281,Reuben,Stoppard,rstoppard7s@furl.net,Genderqueer,162.144.96.191
282,Celeste,Mulholland,cmulholland7t@cyberchimps.com,Bigender,22.245.92.50
283,Caterina,McKeller,cmckeller7u@ameblo.jp,Non-binary,18.114.185.226
284,Brock,Callam,bcallam7v@printfriendly.com,Bigender,174.213.169.77
285,Lanni,Brownhill,lbrownhill7w@oracle.com,Non-binary,216.140.109.28
286,Alvin,Brickwood,abrickwood7x@buzzfeed.com,Male,255.30.137.182
287,Donavon,Wassell,dwassell7y@discovery.com,Agender,213.39.191.221
288,Derrik,Jessop,djessop7z@nature.com,Polygender,43.90.140.47
289,Estelle,Fossord,efossord80@vkontakte.ru,Non-binary,163.123.245.27
290,Stephi,Pittaway,spittaway81@sciencedaily.com,Genderfluid,218.40.180.70
291,Trish,Kirtley,tkirtley82@1688.com,Male,231.25.8.148
292,Honey,Latek,hlatek83@ibm.com,Genderfluid,207.190.244.3
293,Letty,MacKenny,lmackenny84@google.com,Female,84.120.112.17
294,Denni,Gallichiccio,dgallichiccio85@house.gov,Bigender,123.131.13.175
295,Currie,Connachan,cconnachan86@g.co,Male,57.0.53.11
296,Camel,Linnitt,clinnitt87@edublogs.org,Non-binary,100.121.198.38
297,Isa,Sherwell,isherwell88@weather.com,Polygender,155.30.156.26
298,Othelia,Streetley,ostreetley89@indiatimes.com,Male,50.160.54.68
299,Dixie,Cuddihy,dcuddihy8a@boston.com,Polygender,165.9.254.66
300,Madel,Castagnasso,mcastagnasso8b@theguardian.com,Polygender,204.48.251.21
301,Paolina,Parriss,pparriss8c@nasa.gov,Agender,152.90.172.151
302,Wilie,Butrimovich,wbutrimovich8d@blogs.com,Genderqueer,94.62.133.47
303,Oliviero,Trobe,otrobe8e@123-reg.co.uk,Agender,236.213.217.104
304,Witty,Kimberley,wkimberley8f@uiuc.edu,Polygender,246.100.85.237
305,Elnore,Edsall,eedsall8g@blogtalkradio.com,Non-binary,84.12.4.74
306,Lynn,Faunt,lfaunt8h@parallels.com,Male,15.94.25.9
307,Alejandra,Cardenosa,acardenosa8i@hc360.com,Non-binary,226.122.11.152
308,Benni,Douty,bdouty8j@hugedomains.com,Bigender,41.33.222.171
309,Lionel,Togwell,ltogwell8k@mlb.com,Genderfluid,187.156.133.169
310,Meredith,Desborough,mdesborough8l@freewebs.com,Agender,178.11.205.63
311,Vassili,Abbey,vabbey8m@sina.com.cn,Genderfluid,210.169.151.247
312,Archambault,MacElholm,amacelholm8n@godaddy.com,Bigender,115.178.107.185
313,Rebekkah,Mayze,rmayze8o@wp.com,Polygender,171.70.112.175
314,Hewett,Wadman,hwadman8p@weather.com,Female,242.200.161.75
315,Aubrie,Bruckman,abruckman8q@japanpost.jp,Female,32.232.21.165
316,Rebeka,Moors,rmoors8r@miitbeian.gov.cn,Non-binary,65.144.27.73
317,Ronnie,Barrim,rbarrim8s@wordpress.org,Male,78.123.47.41
318,Jehu,Rowney,jrowney8t@domainmarket.com,Polygender,248.120.195.22
319,Lamont,Jelf,ljelf8u@exblog.jp,Male,246.221.20.26
320,Prudi,Alpe,palpe8v@dot.gov,Polygender,247.158.54.110
321,Frants,Harbidge,fharbidge8w@illinois.edu,Bigender,244.151.96.242
322,Cory,Havik,chavik8x@privacy.gov.au,Agender,170.127.118.87
323,Aron,Kowal,akowal8y@hexun.com,Female,133.99.161.4
324,Chaunce,Beales,cbeales8z@list-manage.com,Female,253.194.201.99
325,Torrey,Greyes,tgreyes90@bloglines.com,Agender,54.89.38.55
326,Donnie,Drury,ddrury91@merriam-webster.com,Polygender,58.5.66.180
327,Eveleen,Crier,ecrier92@g.co,Genderqueer,164.103.198.137
328,Karlie,Krolik,kkrolik93@acquirethisname.com,Bigender,82.84.191.54
329,Bobbi,Bowker,bbowker94@yahoo.com,Female,128.209.170.185
330,Binky,Killelea,bkillelea95@google.es,Polygender,167.56.80.21
331,Royall,Christensen,rchristensen96@storify.com,Female,249.4.158.2
332,Kimberlyn,Ruppert,kruppert97@ft.com,Polygender,128.36.79.102
333,Giulio,Goldstone,ggoldstone98@uol.com.br,Bigender,0.81.234.216
334,Hayden,Blazeby,hblazeby99@dmoz.org,Bigender,127.151.39.199
335,Alford,Jentgens,ajentgens9a@simplemachines.org,Bigender,206.73.146.91
336,Sheree,Hadden,shadden9b@wikispaces.com,Genderqueer,234.44.132.247
337,Nanny,Rousby,nrousby9c@nytimes.com,Genderfluid,164.84.157.11
338,Jamill,Igonet,jigonet9d@dailymail.co.uk,Polygender,157.28.174.251
339,Purcell,Rothermel,prothermel9e@wikia.com,Male,229.104.161.193
340,Abner,Applegate,aapplegate9f@bbb.org,Genderfluid,11.27.220.191
341,Christian,Bamell,cbamell9g@wikipedia.org,Non-binary,225.73.147.149
342,Frankie,Melross,fmelross9h@zdnet.com,Non-binary,26.36.199.209
343,Reuben,Yancey,ryancey9i@oaic.gov.au,Agender,243.32.215.92
344,Grata,Bigly,gbigly9j@telegraph.co.uk,Female,187.51.94.35
345,Amalee,Moorman,amoorman9k@bravesites.com,Bigender,60.171.203.160
346,Marshall,Stedall,mstedall9l@weebly.com,Non-binary,89.47.240.126
347,Candice,Shoorbrooke,cshoorbrooke9m@godaddy.com,Genderfluid,156.151.165.35
348,Winne,Younge,wyounge9n@independent.co.uk,Female,199.132.37.42
349,Udall,Marmion,umarmion9o@weebly.com,Bigender,95.25.62.160
350,Petunia,Screen,pscreen9p@uol.com.br,Agender,106.251.239.62
351,Catharine,Nobles,cnobles9q@theatlantic.com,Genderqueer,181.15.83.125
352,El,Perri,eperri9r@barnesandnoble.com,Male,182.199.97.127
353,Seward,Law,slaw9s@wikipedia.org,Agender,117.84.135.60
354,Oswell,Paul,opaul9t@washingtonpost.com,Bigender,198.137.122.5
355,Abbey,Drew,adrew9u@i2i.jp,Genderqueer,202.49.211.13
356,Christel,Diano,cdiano9v@jugem.jp,Agender,95.8.88.220
357,Raven,Belone,rbelone9w@google.co.jp,Polygender,179.38.171.121
358,Zorine,Moehler,zmoehler9x@ftc.gov,Male,5.174.2.138
359,Cristian,Schoenrock,cschoenrock9y@smh.com.au,Agender,133.65.62.180
360,Francisco,Schonfeld,fschonfeld9z@123-reg.co.uk,Agender,200.100.154.65
361,Darda,Ruffli,drufflia0@mac.com,Polygender,190.12.85.98
362,Berke,Trynor,btrynora1@salon.com,Male,215.179.58.166
363,Evangeline,Dennerly,edennerlya2@imdb.com,Bigender,37.48.77.4
364,Cole,Gemnett,cgemnetta3@ow.ly,Bigender,109.208.26.90
365,Raul,Kellock,rkellocka4@printfriendly.com,Bigender,125.85.71.242
366,Tedie,Loveard,tlovearda5@state.gov,Non-binary,177.67.170.192
367,Franny,Gammade,fgammadea6@buzzfeed.com,Male,116.32.158.231
368,Atalanta,Blazynski,ablazynskia7@shinystat.com,Polygender,223.244.31.193
369,Albie,Faldoe,afaldoea8@geocities.com,Polygender,137.129.140.143
370,Judah,Karleman,jkarlemana9@usda.gov,Genderqueer,15.13.232.161
371,Elisa,Sprason,esprasonaa@tamu.edu,Non-binary,113.150.54.90
372,Staffard,Gander,sganderab@ycombinator.com,Genderqueer,146.79.147.137
373,Dominique,Estrella,destrellaac@weebly.com,Non-binary,107.65.150.239
374,Padgett,Bagster,pbagsterad@canalblog.com,Bigender,221.178.140.68
375,Fanny,Streeton,fstreetonae@yellowpages.com,Non-binary,62.9.64.213
376,Brunhilde,Paffot,bpaffotaf@hud.gov,Polygender,92.136.208.123
377,Antone,Beldham,abeldhamag@baidu.com,Agender,191.133.226.231
378,Keith,Eggle,keggleah@youku.com,Genderqueer,116.41.35.219
379,Clara,Ivel,civelai@berkeley.edu,Female,29.151.242.205
380,Allard,Noquet,anoquetaj@google.pl,Genderqueer,120.220.237.88
381,Stanly,Fleeman,sfleemanak@seattletimes.com,Male,35.140.2.225
382,Jim,Albin,jalbinal@etsy.com,Genderfluid,119.221.143.227
383,Thomas,Popple,tpoppleam@g.co,Bigender,98.97.1.83
384,Darrick,Burnet,dburnetan@uiuc.edu,Polygender,90.141.66.55
385,Libbi,Sundin,lsundinao@samsung.com,Male,128.92.47.134
386,Mirna,Kitcher,mkitcherap@people.com.cn,Bigender,163.15.163.94
387,Ave,Forlong,aforlongaq@list-manage.com,Non-binary,175.131.116.195
388,Gloria,Coneron,gconeronar@answers.com,Bigender,231.149.28.233
389,Carlye,Moogan,cmooganas@timesonline.co.uk,Female,138.68.232.93
390,Jesselyn,Rubinovici,jrubinoviciat@issuu.com,Male,2.114.91.64
391,Sven,Krug,skrugau@godaddy.com,Genderfluid,80.103.217.109
392,Ebonee,Kearey,ekeareyav@wordpress.org,Male,42.220.241.249
393,Abbi,Porritt,aporrittaw@usgs.gov,Non-binary,140.113.29.94
394,Creight,Wallington,cwallingtonax@auda.org.au,Agender,183.86.188.206
395,Loretta,Ardy,lardyay@umn.edu,Polygender,161.227.88.234
396,Dalia,Sullens,dsullensaz@biblegateway.com,Non-binary,155.3.255.185
397,Hewie,Willisch,hwillischb0@boston.com,Male,227.57.123.244
398,Timmy,Shernock,tshernockb1@guardian.co.uk,Male,138.55.203.162
399,Odille,Loos,oloosb2@netlog.com,Non-binary,94.75.26.223
400,Jerri,Diver,jdiverb3@tumblr.com,Bigender,107.177.74.102
401,Gertrud,Tisor,gtisorb4@so-net.ne.jp,Polygender,124.167.24.200
402,Hetti,MacElholm,hmacelholmb5@aol.com,Non-binary,164.209.40.50
403,Rodrick,Hutchason,rhutchasonb6@uiuc.edu,Genderqueer,187.123.73.218
404,Thadeus,Demageard,tdemageardb7@imageshack.us,Agender,192.166.38.58
405,Alfie,Banham,abanhamb8@utexas.edu,Female,74.48.96.80
406,Angus,Barthorpe,abarthorpeb9@infoseek.co.jp,Genderfluid,252.18.236.101
407,Koo,Leel,kleelba@theglobeandmail.com,Polygender,21.122.102.121
408,Chickie,McEttigen,cmcettigenbb@zimbio.com,Agender,62.179.192.90
409,Elenore,Frantz,efrantzbc@hubpages.com,Agender,93.249.228.205
410,Howie,Karlmann,hkarlmannbd@constantcontact.com,Bigender,54.158.33.98
411,Tuck,Chaplyn,tchaplynbe@histats.com,Male,36.155.141.170
412,Scotti,Le Barr,slebarrbf@salon.com,Polygender,89.217.192.18
413,Winna,France,wfrancebg@seesaa.net,Bigender,63.26.125.128
414,Felicdad,Gaughan,fgaughanbh@ft.com,Non-binary,208.107.113.196
415,Berkeley,Tucsell,btucsellbi@google.fr,Genderfluid,218.181.178.64
416,Chevalier,Sporgeon,csporgeonbj@telegraph.co.uk,Genderfluid,117.161.38.150
417,Cointon,Ashley,cashleybk@salon.com,Genderqueer,64.152.184.57
418,Johan,Constantine,jconstantinebl@gov.uk,Genderfluid,65.225.13.75
419,Lorette,Gaither,lgaitherbm@economist.com,Polygender,24.201.210.226
420,Raychel,Saleway,rsalewaybn@rakuten.co.jp,Female,7.15.239.250
421,Jodie,Coolican,jcoolicanbo@shutterfly.com,Genderfluid,162.238.74.61
422,Elle,Magson,emagsonbp@ifeng.com,Bigender,244.123.242.111
423,Mimi,Toolin,mtoolinbq@marriott.com,Male,72.189.185.38
424,Josephine,McTerry,jmcterrybr@arstechnica.com,Non-binary,156.179.246.209
425,Barnie,Huckett,bhuckettbs@google.com.br,Female,86.203.160.21
426,Avrom,Balleine,aballeinebt@example.com,Genderqueer,220.11.42.11
427,Bronny,Quayle,bquaylebu@disqus.com,Bigender,66.79.135.166
428,Aidan,Haseldine,ahaseldinebv@hud.gov,Non-binary,194.195.177.74
429,Lennie,Schuler,lschulerbw@arizona.edu,Male,138.147.89.25
430,Cristian,Bottleson,cbottlesonbx@dedecms.com,Genderqueer,91.83.79.252
431,Bradley,McKague,bmckagueby@symantec.com,Bigender,99.36.183.214
432,Dolph,Truelove,dtruelovebz@illinois.edu,Genderfluid,184.143.217.166
433,Dorisa,Sone,dsonec0@edublogs.org,Genderfluid,59.50.152.140
434,Ambur,Sadat,asadatc1@intel.com,Non-binary,56.92.149.56
435,Bendix,Inglish,binglishc2@dion.ne.jp,Agender,196.150.135.180
436,Perle,Wardley,pwardleyc3@vkontakte.ru,Bigender,155.52.242.195
437,Lethia,Mariot,lmariotc4@cdbaby.com,Genderfluid,19.184.237.125
438,Kayley,Ganing,kganingc5@google.com,Agender,233.99.212.101
439,Ferd,Hartrick,fhartrickc6@mayoclinic.com,Non-binary,233.200.190.231
440,Reine,Eard,reardc7@google.ru,Non-binary,113.25.161.213
441,Lotty,O'Grady,logradyc8@trellian.com,Bigender,35.118.89.40
442,Malvin,McCoole,mmccoolec9@1688.com,Agender,176.192.169.34
443,Moyna,Standring,mstandringca@sciencedaily.com,Genderfluid,14.169.97.221
444,Brynna,Hann,bhanncb@wired.com,Male,168.243.58.184
445,Aldwin,Stanbury,astanburycc@skype.com,Non-binary,127.66.186.135
446,Carmelia,Matysiak,cmatysiakcd@blinklist.com,Bigender,17.254.24.197
447,Haily,Briatt,hbriattce@webs.com,Genderfluid,182.115.4.18
448,Lethia,Juszkiewicz,ljuszkiewiczcf@google.fr,Bigender,6.205.242.242
449,Staffard,Wroe,swroecg@youtu.be,Male,176.215.36.71
450,Becca,Cadle,bcadlech@cam.ac.uk,Agender,178.244.72.244
451,Christy,Di Biaggi,cdibiaggici@wsj.com,Non-binary,197.82.36.121
452,Shelly,Atthowe,satthowecj@icio.us,Non-binary,245.32.153.58
453,Julissa,Reddick,jreddickck@instagram.com,Genderqueer,57.247.117.198
454,Rosaleen,Cottis,rcottiscl@liveinternet.ru,Polygender,60.87.167.38
455,Binny,Ornillos,bornilloscm@webs.com,Bigender,129.123.181.242
456,Dannie,Parkins,dparkinscn@go.com,Male,147.208.27.252
457,Delaney,Evitt,devittco@drupal.org,Bigender,40.188.251.157
458,Stafford,Melmore,smelmorecp@va.gov,Genderfluid,58.68.147.217
459,Aurea,Coleiro,acoleirocq@disqus.com,Genderqueer,164.2.110.108
460,Coletta,Seeds,cseedscr@comsenz.com,Non-binary,196.27.146.114
461,Linette,Fawdry,lfawdrycs@instagram.com,Bigender,222.85.163.228
462,Allie,Duligall,aduligallct@gmpg.org,Female,11.92.0.125
463,Ebeneser,Hollyland,ehollylandcu@diigo.com,Genderqueer,38.236.202.110
464,Tansy,Massy,tmassycv@delicious.com,Male,1.15.132.64
465,Saloma,McMains,smcmainscw@123-reg.co.uk,Agender,41.0.194.169
466,Matti,Fynes,mfynescx@earthlink.net,Genderfluid,100.252.94.36
467,Germayne,O'Crotty,gocrottycy@exblog.jp,Genderqueer,173.101.133.36
468,Merrilee,Gowdridge,mgowdridgecz@about.com,Agender,166.231.19.147
469,Gerard,Mollon,gmollond0@ihg.com,Agender,124.1.218.57
470,Debora,Vennings,dvenningsd1@pbs.org,Agender,210.138.186.241
471,Leyla,Shipston,lshipstond2@goo.ne.jp,Male,0.93.229.183
472,Darrel,Castagnaro,dcastagnarod3@mlb.com,Polygender,18.198.213.249
473,Dante,Cradoc,dcradocd4@over-blog.com,Genderqueer,129.179.216.216
474,Rik,Becraft,rbecraftd5@redcross.org,Bigender,188.117.230.85
475,Bertina,Conneau,bconneaud6@sitemeter.com,Non-binary,248.131.214.113
476,Chilton,Anlay,canlayd7@quantcast.com,Genderfluid,156.29.219.196
477,Evy,Troman,etromand8@youtu.be,Female,55.226.248.10
478,Phedra,Hendrikse,phendriksed9@mit.edu,Male,117.191.110.209
479,Jerrilyn,Tucker,jtuckerda@baidu.com,Bigender,33.72.10.212
480,Genevra,Abercromby,gabercrombydb@ycombinator.com,Bigender,236.169.0.226
481,Millard,Carratt,mcarrattdc@oakley.com,Genderqueer,219.104.254.82
482,Martie,Hacking,mhackingdd@twitpic.com,Genderfluid,77.178.125.88
483,Lorenzo,Salterne,lsalternede@baidu.com,Male,59.69.101.253
484,Gayelord,Kinsell,gkinselldf@yellowbook.com,Non-binary,239.150.81.22
485,Justino,Hevner,jhevnerdg@drupal.org,Bigender,224.107.217.64
486,Julie,Nutten,jnuttendh@thetimes.co.uk,Bigender,235.169.59.34
487,Gabi,Stolte,gstoltedi@nba.com,Genderqueer,142.157.111.246
488,Deidre,McAlarney,dmcalarneydj@printfriendly.com,Genderqueer,234.51.132.8
489,Bancroft,Cobon,bcobondk@cnbc.com,Genderqueer,193.132.89.3
490,Lucius,Jubb,ljubbdl@google.fr,Agender,127.1.118.59
491,Aristotle,Laise,alaisedm@joomla.org,Female,95.41.73.73
492,Pauly,Piddock,ppiddockdn@uiuc.edu,Bigender,58.13.157.220
493,Adams,McArd,amcarddo@symantec.com,Male,122.88.128.142
494,Vannie,Webling,vweblingdp@dedecms.com,Male,149.102.58.85
495,Lanita,Richardin,lrichardindq@aboutads.info,Agender,1.24.232.231
496,Noah,Kisting,nkistingdr@cocolog-nifty.com,Polygender,21.58.48.57
497,Linoel,Bamlet,lbamletds@alibaba.com,Bigender,164.18.86.36
498,Kristien,O'Fihily,kofihilydt@spiegel.de,Female,52.128.146.9
499,Selby,Strangman,sstrangmandu@goodreads.com,Genderfluid,84.182.9.4
500,Corene,Fassum,cfassumdv@cornell.edu,Polygender,210.72.46.26
501,Dee,Cronshaw,dcronshawdw@scientificamerican.com,Genderfluid,208.126.87.38
502,Kathie,Blincoe,kblincoedx@tiny.cc,Genderfluid,161.108.186.25
503,Skell,Gallemore,sgallemoredy@mac.com,Non-binary,203.148.122.20
504,Kylila,Guilloneau,kguilloneaudz@hugedomains.com,Male,23.76.148.215
505,Fulvia,Dongall,fdongalle0@reuters.com,Female,232.102.69.113
506,Skippie,Please,spleasee1@google.fr,Genderfluid,176.93.215.106
507,Allie,Hardisty,ahardistye2@opera.com,Genderqueer,250.89.176.116
508,Carmita,Leyninye,cleyninyee3@gmpg.org,Agender,157.246.153.206
509,Randie,Middleditch,rmiddleditche4@angelfire.com,Male,92.82.78.126
510,Adriana,Adcock,aadcocke5@toplist.cz,Male,232.109.160.9
511,Clemmie,Wallbanks,cwallbankse6@prnewswire.com,Agender,50.86.239.230
512,Binni,Borge,bborgee7@php.net,Genderqueer,120.141.59.216
513,Jimmie,Ingley,jingleye8@uiuc.edu,Non-binary,6.204.218.214
514,Jewel,Cullnean,jcullneane9@sbwire.com,Genderqueer,115.222.233.110
515,Beltran,Lyfield,blyfieldea@msn.com,Non-binary,151.237.170.65
516,Chrotoem,Grigg,cgriggeb@infoseek.co.jp,Genderfluid,10.239.18.103
517,Antonietta,Heeney,aheeneyec@un.org,Agender,67.8.125.40
518,Marie-jeanne,Gascard,mgascarded@zimbio.com,Non-binary,240.194.127.12
519,Nefen,Hazeldean,nhazeldeanee@odnoklassniki.ru,Polygender,197.175.101.143
520,Cissiee,Dowrey,cdowreyef@businessinsider.com,Male,12.99.235.47
521,Marena,Curless,mcurlesseg@vkontakte.ru,Non-binary,171.107.4.38
522,Claiborn,Zaniolini,czaniolinieh@hc360.com,Genderqueer,190.161.55.246
523,Avery,Vasilmanov,avasilmanovei@elegantthemes.com,Genderfluid,103.50.244.103
524,Culver,Stickney,cstickneyej@unblog.fr,Female,14.88.62.251
525,Kendell,Schistl,kschistlek@umich.edu,Genderqueer,215.143.33.234
526,Fabe,Hearons,fhearonsel@constantcontact.com,Female,11.73.220.250
527,Kareem,Loreit,kloreitem@vimeo.com,Genderqueer,98.145.236.245
528,Kimmi,Josifovitz,kjosifovitzen@bbc.co.uk,Bigender,188.65.223.161
529,Lyndsie,Feirn,lfeirneo@prweb.com,Agender,239.57.30.120
530,Edmon,Abeau,eabeauep@seesaa.net,Male,53.102.21.87
531,Marika,Rubinshtein,mrubinshteineq@free.fr,Female,71.152.48.184
532,Radcliffe,Ellwood,rellwooder@163.com,Female,69.233.75.3
533,Neddie,Farrants,nfarrantses@redcross.org,Male,1.132.22.116
534,Dulcine,Warry,dwarryet@newsvine.com,Bigender,101.134.73.245
535,Leese,Devenny,ldevennyeu@techcrunch.com,Agender,3.189.186.80
536,Torie,Looker,tlookerev@ed.gov,Polygender,44.71.213.67
537,Clair,Wenn,cwennew@bluehost.com,Non-binary,17.53.181.89
538,Morgen,MacKeever,mmackeeverex@blog.com,Genderqueer,141.106.50.164
539,Clyde,Joyner,cjoynerey@livejournal.com,Bigender,139.228.54.155
540,Edgar,Wivell,ewivellez@quantcast.com,Bigender,201.34.65.119
541,Sheff,Heeps,sheepsf0@bandcamp.com,Non-binary,4.176.215.88
542,Benton,Wabey,bwabeyf1@google.com.au,Female,86.231.214.0
543,Letizia,Maleck,lmaleckf2@aboutads.info,Non-binary,254.134.176.77
544,Constantin,Laboune,clabounef3@tamu.edu,Bigender,130.82.52.45
545,Marylin,Tresler,mtreslerf4@gmpg.org,Polygender,208.127.152.180
546,Amelita,Derrick,aderrickf5@usnews.com,Genderfluid,59.100.0.83
547,Helen,Elvidge,helvidgef6@acquirethisname.com,Non-binary,150.202.163.239
548,Hilly,Kolis,hkolisf7@cnet.com,Genderqueer,192.64.89.114
549,Ellie,Abbe,eabbef8@auda.org.au,Non-binary,77.220.129.32
550,Nata,Eldrid,neldridf9@storify.com,Agender,193.208.232.103
551,Stuart,Beasley,sbeasleyfa@spotify.com,Agender,24.251.165.60
552,Giorgia,Dupey,gdupeyfb@g.co,Genderqueer,229.80.157.107
553,Leanna,Parish,lparishfc@t.co,Agender,217.60.7.128
554,Anett,Forestel,aforestelfd@cnbc.com,Agender,46.57.187.127
555,Zaneta,Ellice,zellicefe@cdbaby.com,Agender,221.247.108.138
556,Lonnard,Wadman,lwadmanff@vk.com,Genderqueer,217.152.45.70
557,Gael,Stodit,gstoditfg@mayoclinic.com,Female,227.117.45.25
558,Trumann,Spurman,tspurmanfh@buzzfeed.com,Male,151.114.83.236
559,Mandie,Casseldine,mcasseldinefi@cornell.edu,Bigender,20.149.9.154
560,Katie,Bradborne,kbradbornefj@discuz.net,Bigender,55.240.115.37
561,Noami,Ablitt,nablittfk@yahoo.com,Polygender,239.178.177.25
562,Terza,Vint,tvintfl@google.cn,Male,229.175.225.97
563,Shaylah,Caizley,scaizleyfm@imdb.com,Genderfluid,179.188.1.196
564,Thornton,Hitzmann,thitzmannfn@sourceforge.net,Female,84.39.73.96
565,Pavia,Crane,pcranefo@domainmarket.com,Polygender,105.82.165.46
566,Christal,Soigoux,csoigouxfp@dell.com,Female,246.27.31.211
567,Edward,Atling,eatlingfq@cam.ac.uk,Female,149.100.162.150
568,Cheri,Biddulph,cbiddulphfr@narod.ru,Genderqueer,206.233.159.99
569,Sollie,Joao,sjoaofs@japanpost.jp,Genderfluid,75.196.146.63
570,Clevey,Alcock,calcockft@ask.com,Agender,202.103.4.94
571,Brina,Frick,bfrickfu@reuters.com,Genderqueer,4.83.11.236
572,Gretna,Ruzic,gruzicfv@e-recht24.de,Bigender,208.224.77.81
573,Coriss,Gallyhaock,cgallyhaockfw@i2i.jp,Genderfluid,66.101.89.60
574,Patten,Chatto,pchattofx@ifeng.com,Female,100.95.14.144
575,Godfree,Lock,glockfy@hibu.com,Genderfluid,46.79.151.124
576,Delly,Coate,dcoatefz@reddit.com,Genderqueer,14.105.168.112
577,Madeleine,Ethersey,metherseyg0@auda.org.au,Female,72.164.215.187
578,Phineas,Vaughn,pvaughng1@mit.edu,Genderqueer,135.238.2.104
579,Marieann,Gorvette,mgorvetteg2@usda.gov,Genderfluid,87.62.57.37
580,Shelton,Middell,smiddellg3@youtu.be,Genderfluid,16.74.6.18
581,Devina,Gwillym,dgwillymg4@chronoengine.com,Male,110.81.233.142
582,Mela,Shaxby,mshaxbyg5@hp.com,Polygender,133.154.225.69
583,Gussy,Tasker,gtaskerg6@illinois.edu,Agender,250.98.60.55
584,Addi,Paten,apateng7@yahoo.co.jp,Polygender,171.218.24.46
585,Tiler,Treuge,ttreugeg8@nydailynews.com,Non-binary,124.11.16.185
586,Seka,Gerin,sgering9@diigo.com,Bigender,221.47.170.73
587,Salome,Baseke,sbasekega@admin.ch,Male,40.177.72.105
588,Else,Debow,edebowgb@de.vu,Genderfluid,154.121.230.131
589,Hamil,Itzakson,hitzaksongc@nsw.gov.au,Bigender,205.138.16.35
590,Callida,Mc Kellen,cmckellengd@apple.com,Female,209.249.1.221
591,Austin,Staunton,astauntonge@jimdo.com,Genderqueer,78.175.202.57
592,Austine,Roblin,aroblingf@dell.com,Agender,237.127.53.184
593,Antonietta,Waggatt,awaggattgg@google.co.uk,Agender,250.183.14.106
594,Freida,Geram,fgeramgh@elpais.com,Polygender,241.137.13.173
595,Rupert,Chapling,rchaplinggi@boston.com,Non-binary,211.69.120.30
596,Kimball,Girdlestone,kgirdlestonegj@illinois.edu,Genderqueer,56.175.130.214
597,Kaia,Houston,khoustongk@unblog.fr,Genderqueer,64.230.203.165
598,Valli,Senussi,vsenussigl@techcrunch.com,Male,69.14.27.172
599,Adham,Honniebal,ahonniebalgm@vistaprint.com,Genderfluid,51.165.48.147
600,Pippa,Belfrage,pbelfragegn@sakura.ne.jp,Genderfluid,192.174.108.121
601,Erwin,Mollen,emollengo@comsenz.com,Male,220.96.203.64
602,Erskine,Bulleyn,ebulleyngp@whitehouse.gov,Genderqueer,125.73.121.138
603,Tasha,Deboo,tdeboogq@reuters.com,Bigender,108.52.23.131
604,Hedwiga,Kamienski,hkamienskigr@ehow.com,Non-binary,95.97.170.223
605,Antonina,Suthren,asuthrengs@people.com.cn,Female,219.66.79.98
606,Kristoforo,Heaviside,kheavisidegt@independent.co.uk,Male,19.23.215.197
607,Langston,Imlacke,limlackegu@telegraph.co.uk,Agender,149.223.210.86
608,Vickie,Sillitoe,vsillitoegv@over-blog.com,Female,167.179.102.88
609,Jaye,Cogar,jcogargw@google.ru,Non-binary,150.216.180.72
610,Karim,Verner,kvernergx@geocities.jp,Genderqueer,50.52.234.251
611,Kane,Sutcliffe,ksutcliffegy@freewebs.com,Genderqueer,196.97.17.75
612,Danie,Roach,droachgz@shop-pro.jp,Non-binary,146.116.71.76
613,Garreth,Colegrove,gcolegroveh0@oracle.com,Genderfluid,58.211.237.7
614,Marian,Kaufman,mkaufmanh1@epa.gov,Male,249.205.223.204
615,Cleon,Weson,cwesonh2@dyndns.org,Polygender,82.19.45.218
616,Perice,Holyland,pholylandh3@who.int,Non-binary,239.208.59.51
617,Jarret,Cay,jcayh4@mozilla.org,Non-binary,102.251.131.150
618,Barton,Shurmer,bshurmerh5@nytimes.com,Male,239.219.57.171
619,Merralee,Hansbury,mhansburyh6@tuttocitta.it,Female,57.164.66.70
620,Lin,Rann,lrannh7@networkadvertising.org,Agender,46.221.139.233
621,Terri,Frostdicke,tfrostdickeh8@nih.gov,Genderfluid,212.153.196.222
622,Richard,Seary,rsearyh9@mlb.com,Agender,70.40.197.3
623,Findley,Alenshev,falenshevha@digg.com,Male,213.254.175.142
624,Winifred,Sobtka,wsobtkahb@nydailynews.com,Female,3.38.26.141
625,Trace,Scripps,tscrippshc@mtv.com,Genderqueer,197.103.235.142
626,Blake,Peacher,bpeacherhd@opensource.org,Genderqueer,49.210.140.204
627,Concettina,Glendining,cglendininghe@state.tx.us,Genderfluid,84.61.225.250
628,Worthy,Daviot,wdaviothf@nationalgeographic.com,Male,130.91.252.124
629,Carree,Bartlet,cbartlethg@wisc.edu,Polygender,39.26.68.63
630,Ange,Gilding,agildinghh@telegraph.co.uk,Agender,209.14.70.96
631,Leta,Farraway,lfarrawayhi@simplemachines.org,Male,238.171.157.179
632,Colan,Balentyne,cbalentynehj@deliciousdays.com,Polygender,57.171.36.245
633,Packston,Gallety,pgalletyhk@wunderground.com,Male,181.209.238.204
634,Lammond,Dagless,ldaglesshl@howstuffworks.com,Genderfluid,2.179.107.164
635,Cash,Whelband,cwhelbandhm@360.cn,Agender,31.191.204.84
636,Emelina,MacPake,emacpakehn@wisc.edu,Non-binary,232.243.225.146
637,Simeon,Waple,swapleho@netscape.com,Non-binary,226.134.63.129
638,Roley,Kellart,rkellarthp@netvibes.com,Bigender,150.253.171.166
639,Jilleen,Grunguer,jgrunguerhq@usda.gov,Agender,39.26.89.7
640,Ogdan,Caldecutt,ocaldecutthr@1688.com,Genderfluid,10.105.34.248
641,Dedie,Instrell,dinstrellhs@liveinternet.ru,Female,176.183.246.63
642,Sunny,Noddle,snoddleht@t.co,Genderqueer,72.75.89.216
643,Vanessa,Capewell,vcapewellhu@hubpages.com,Non-binary,122.105.40.111
644,Mead,Guppie,mguppiehv@disqus.com,Polygender,177.119.241.98
645,Joell,Spellsworth,jspellsworthhw@businessinsider.com,Genderqueer,216.31.33.70
646,Lucille,Hosburn,lhosburnhx@salon.com,Genderfluid,115.130.133.124
647,Bastien,Rees,breeshy@google.co.uk,Female,86.21.49.172
648,Berti,Kornas,bkornashz@github.com,Male,3.71.200.174
649,Celestina,Cudd,ccuddi0@xinhuanet.com,Genderqueer,58.193.35.57
650,Gram,Rustidge,grustidgei1@elegantthemes.com,Genderqueer,129.3.205.78
651,Rhodia,MacIlurick,rmaciluricki2@about.com,Polygender,152.102.114.169
652,Hymie,Bakewell,hbakewelli3@plala.or.jp,Non-binary,16.219.53.40
653,Henrietta,East,heasti4@apache.org,Genderfluid,156.255.199.107
654,Zechariah,Adnam,zadnami5@unc.edu,Bigender,229.107.145.47
655,Geoffry,Abisetti,gabisettii6@google.de,Non-binary,31.96.244.162
656,Goober,Faulkner,gfaulkneri7@barnesandnoble.com,Genderqueer,199.7.168.235
657,Valma,Ligoe,vligoei8@samsung.com,Genderfluid,227.243.184.168
658,Bill,McAtamney,bmcatamneyi9@icq.com,Agender,46.103.204.163
659,Amory,Loft,aloftia@economist.com,Agender,199.39.74.205
660,Ewan,Blewmen,eblewmenib@vimeo.com,Agender,84.178.216.78
661,Katha,Bencher,kbencheric@ustream.tv,Bigender,224.117.4.157
662,Edvard,Carnie,ecarnieid@github.io,Polygender,124.120.47.236
663,Katleen,Jimpson,kjimpsonie@qq.com,Non-binary,100.159.47.77
664,Augustine,Vezey,avezeyif@wiley.com,Non-binary,30.236.93.137
665,Claudio,Sanford,csanfordig@google.ru,Agender,213.160.142.140
666,Cicily,Spink,cspinkih@de.vu,Genderfluid,203.224.35.96
667,Arlan,McCabe,amccabeii@dot.gov,Non-binary,110.173.149.152
668,Darlleen,Gooly,dgoolyij@ifeng.com,Non-binary,141.148.81.131
669,Jeralee,Pincked,jpinckedik@noaa.gov,Polygender,191.199.251.54
670,Franchot,Jeremiah,fjeremiahil@scientificamerican.com,Male,11.224.195.175
671,Chuck,Kubyszek,ckubyszekim@mac.com,Agender,0.88.197.195
672,Schuyler,Ruthen,sruthenin@chicagotribune.com,Genderqueer,226.217.174.28
673,Husein,Owain,howainio@com.com,Bigender,59.123.8.154
674,Clyde,Pritchitt,cpritchittip@samsung.com,Polygender,212.180.58.166
675,Sloan,McQuie,smcquieiq@imgur.com,Bigender,82.99.231.192
676,Helena,Nevins,hnevinsir@house.gov,Genderfluid,112.76.112.197
677,Manfred,Venn,mvennis@surveymonkey.com,Female,220.171.210.62
678,Sal,Anthoney,santhoneyit@umich.edu,Polygender,70.67.6.140
679,Danella,Longbothom,dlongbothomiu@cbslocal.com,Bigender,241.193.110.163
680,Ricki,Costard,rcostardiv@seattletimes.com,Female,165.12.33.136
681,Ferguson,McCrystal,fmccrystaliw@paypal.com,Agender,45.211.234.68
682,Prent,Killerby,pkillerbyix@behance.net,Genderqueer,247.109.244.208
683,Orville,Gaitung,ogaitungiy@opensource.org,Agender,215.184.105.249
684,Janaye,Gavan,jgavaniz@example.com,Polygender,174.10.46.86
685,Essie,Kleis,ekleisj0@wufoo.com,Female,103.24.225.103
686,Kalvin,Boggon,kboggonj1@vimeo.com,Non-binary,67.220.87.214
687,Cornelle,Sweetnam,csweetnamj2@constantcontact.com,Bigender,205.251.43.194
688,Shae,Ivashinnikov,sivashinnikovj3@businessweek.com,Male,88.229.96.9
689,Cory,Minigo,cminigoj4@dagondesign.com,Non-binary,206.182.203.150
690,Kellby,Stillert,kstillertj5@answers.com,Agender,44.240.174.39
691,Burnaby,Cough,bcoughj6@latimes.com,Bigender,207.26.164.122
692,Larina,Belk,lbelkj7@mac.com,Polygender,52.235.138.207
693,Amberly,Plail,aplailj8@freewebs.com,Female,52.52.27.38
694,Meredeth,Hedden,mheddenj9@unblog.fr,Non-binary,236.108.254.200
695,Randolf,Sandercock,rsandercockja@wunderground.com,Genderfluid,155.245.187.243
696,Abigail,Lappine,alappinejb@clickbank.net,Genderfluid,185.127.143.218
697,Vyky,Chaikovski,vchaikovskijc@mtv.com,Agender,187.82.173.167
698,Dorolice,Frankcomb,dfrankcombjd@parallels.com,Bigender,22.157.200.37
699,Rosabella,De Freyne,rdefreyneje@zimbio.com,Male,70.185.230.12
700,Oliy,Hendron,ohendronjf@feedburner.com,Genderqueer,66.243.104.173
701,Rochester,Pullinger,rpullingerjg@tiny.cc,Genderfluid,112.11.230.162
702,Patton,Gadsby,pgadsbyjh@howstuffworks.com,Male,135.146.249.166
703,Tore,Bosma,tbosmaji@google.de,Genderqueer,207.10.151.188
704,Zelda,Johann,zjohannjj@census.gov,Male,168.120.66.29
705,Teddy,Galilee,tgalileejk@yandex.ru,Bigender,248.22.156.72
706,Annora,Sherwell,asherwelljl@flavors.me,Male,154.229.31.34
707,Leonanie,Crampton,lcramptonjm@storify.com,Genderfluid,21.170.125.136
708,Karalynn,Haldin,khaldinjn@example.com,Non-binary,74.216.241.18
709,Mufinella,Towsey,mtowseyjo@dedecms.com,Non-binary,134.179.182.162
710,Franklin,Fielden,ffieldenjp@zimbio.com,Polygender,17.45.248.146
711,Emmery,Bassam,ebassamjq@drupal.org,Genderqueer,179.141.149.94
712,Blondie,Thonger,bthongerjr@europa.eu,Male,109.17.212.94
713,Kandy,Vayro,kvayrojs@cornell.edu,Bigender,138.9.193.6
714,King,Pinshon,kpinshonjt@ifeng.com,Polygender,129.182.31.153
715,Melvyn,Bakewell,mbakewellju@pbs.org,Agender,146.15.208.156
716,Raddie,Crisford,rcrisfordjv@gravatar.com,Bigender,76.2.116.171
717,Roosevelt,Shadrack,rshadrackjw@rediff.com,Genderfluid,149.183.125.133
718,Dacie,Ryburn,dryburnjx@jigsy.com,Genderqueer,96.37.145.64
719,Phylis,Bilsborrow,pbilsborrowjy@dropbox.com,Male,43.159.11.113
720,Michaella,Zarfat,mzarfatjz@thetimes.co.uk,Non-binary,67.191.250.130
721,Rosaleen,Kuzemka,rkuzemkak0@smh.com.au,Female,165.162.114.220
722,Janelle,Megroff,jmegroffk1@state.tx.us,Agender,210.131.78.61
723,Lissa,Raatz,lraatzk2@cbslocal.com,Non-binary,136.220.0.64
724,Renae,Mannie,rmanniek3@ning.com,Genderfluid,52.236.137.171
725,Ileana,Gonoude,igonoudek4@skyrock.com,Female,5.243.181.74
726,Tania,Durham,tdurhamk5@youku.com,Non-binary,65.126.155.20
727,Bel,Gotcliffe,bgotcliffek6@answers.com,Genderqueer,199.233.193.187
728,Glory,Stoven,gstovenk7@uiuc.edu,Agender,116.65.172.89
729,Kenny,Tregido,ktregidok8@histats.com,Non-binary,244.122.91.75
730,Micah,Percy,mpercyk9@umich.edu,Male,162.5.44.234
731,Mamie,Durram,mdurramka@gravatar.com,Bigender,176.235.209.47
732,Alix,Rosi,arosikb@boston.com,Genderqueer,110.83.76.235
733,Tony,Furnival,tfurnivalkc@alexa.com,Bigender,210.113.18.160
734,Joell,Housen,jhousenkd@washington.edu,Female,98.48.219.42
735,Devin,Wiggans,dwigganske@fc2.com,Genderqueer,113.165.58.187
736,Rustie,O'Lehane,rolehanekf@squidoo.com,Polygender,18.10.215.139
737,Granville,Berthot,gberthotkg@storify.com,Agender,143.154.74.240
738,Alexandre,Harpur,aharpurkh@privacy.gov.au,Polygender,218.126.76.197
739,Mollie,Batrip,mbatripki@ft.com,Genderqueer,241.136.131.2
740,Cass,Menier,cmenierkj@canalblog.com,Genderqueer,89.9.64.165
741,Karine,Forsdicke,kforsdickekk@gravatar.com,Non-binary,121.45.125.197
742,Rozele,Leddie,rleddiekl@g.co,Genderqueer,248.105.27.63
743,Lodovico,Machan,lmachankm@utexas.edu,Agender,54.230.229.107
744,Antonino,Fasson,afassonkn@surveymonkey.com,Genderfluid,40.225.55.60
745,Germaine,Le Houx,glehouxko@washingtonpost.com,Polygender,155.212.168.142
746,Cybill,Gee,cgeekp@sakura.ne.jp,Polygender,210.77.124.69
747,Fara,Silverstone,fsilverstonekq@hp.com,Polygender,77.101.17.68
748,Jodi,Phinnessy,jphinnessykr@oracle.com,Male,35.0.212.10
749,Valida,Rodolfi,vrodolfiks@va.gov,Non-binary,106.2.253.177
750,Alfons,De Zamudio,adezamudiokt@dailymotion.com,Female,64.17.17.36
751,Osbert,Govan,ogovanku@altervista.org,Male,16.145.129.225
752,Sayers,Chapman,schapmankv@friendfeed.com,Polygender,121.162.243.47
753,Payton,Cawkwell,pcawkwellkw@google.com.hk,Agender,144.21.252.205
754,Jasmina,Geekin,jgeekinkx@mozilla.org,Genderqueer,4.180.190.10
755,Pattie,Malshinger,pmalshingerky@flickr.com,Genderqueer,16.73.247.62
756,Pincus,Huggons,phuggonskz@kickstarter.com,Polygender,234.49.241.123
757,Gloriane,Woodroofe,gwoodroofel0@addtoany.com,Female,216.175.78.72
758,Nowell,Dugan,nduganl1@baidu.com,Non-binary,116.213.236.26
759,Cherrita,Rugge,cruggel2@shinystat.com,Bigender,235.106.4.57
760,Glory,Colquete,gcolquetel3@fc2.com,Genderfluid,163.91.210.60
761,Flor,Enrdigo,fenrdigol4@abc.net.au,Genderfluid,126.227.24.90
762,Albertina,Rizzardi,arizzardil5@bizjournals.com,Genderqueer,69.233.241.56
763,Cassie,D'Elia,cdelial6@diigo.com,Agender,15.128.155.81
764,Westleigh,Concklin,wconcklinl7@mediafire.com,Genderfluid,51.26.227.150
765,Mordy,Clue,mcluel8@cnet.com,Male,55.16.206.170
766,Nara,Devons,ndevonsl9@edublogs.org,Genderqueer,115.251.141.191
767,Marcelia,Shurmer,mshurmerla@ucla.edu,Agender,226.95.39.115
768,Sidney,Blazejewski,sblazejewskilb@deliciousdays.com,Agender,169.192.2.133
769,Klarrisa,Skeels,kskeelslc@macromedia.com,Female,216.153.206.72
770,Silas,Gersam,sgersamld@nifty.com,Genderqueer,175.131.245.61
771,Jae,Rossbrook,jrossbrookle@nyu.edu,Polygender,223.236.76.136
772,Daveta,Fraulo,dfraulolf@unblog.fr,Agender,211.75.133.112
773,Jodie,Warmisham,jwarmishamlg@gizmodo.com,Male,62.105.205.152
774,Orsa,Abrehart,oabrehartlh@npr.org,Genderqueer,64.240.196.105
775,Michele,Dmytryk,mdmytrykli@sciencedirect.com,Bigender,74.233.43.98
776,Baldwin,Goby,bgobylj@theatlantic.com,Genderfluid,12.194.29.231
777,Ewart,Pritty,eprittylk@storify.com,Female,90.25.253.166
778,Blakeley,Swate,bswatell@loc.gov,Male,141.102.95.245
779,Zarla,Fontel,zfontellm@microsoft.com,Female,230.131.37.236
780,Clarine,Gagen,cgagenln@yellowbook.com,Genderfluid,14.17.112.8
781,Dayna,Degenhardt,ddegenhardtlo@themeforest.net,Agender,68.140.42.237
782,Margot,Ghidini,mghidinilp@nationalgeographic.com,Female,229.107.229.79
783,Carree,Santacrole,csantacrolelq@cdbaby.com,Agender,121.121.206.40
784,Kimberli,Jouhan,kjouhanlr@arstechnica.com,Polygender,77.63.41.154
785,Giusto,Patterfield,gpatterfieldls@google.ru,Non-binary,148.65.25.157
786,Deni,Ladbrooke,dladbrookelt@army.mil,Polygender,115.33.88.120
787,Aldo,Faust,afaustlu@gov.uk,Non-binary,185.138.141.123
788,Garrik,Rafe,grafelv@amazon.com,Non-binary,108.88.125.173
789,Eldin,Buist,ebuistlw@narod.ru,Genderqueer,243.155.215.72
790,Roobbie,Brownhill,rbrownhilllx@blogspot.com,Male,11.24.14.170
791,Emmalynn,Soar,esoarly@techcrunch.com,Genderfluid,192.87.226.97
792,Tod,Caville,tcavillelz@apple.com,Male,189.177.82.60
793,Adele,Fonte,afontem0@hubpages.com,Male,124.93.161.73
794,Hettie,Gunning,hgunningm1@ihg.com,Female,203.220.61.225
795,Lissy,Cristoforo,lcristoforom2@live.com,Bigender,120.163.39.131
796,Brooks,Mapholm,bmapholmm3@arizona.edu,Genderfluid,204.121.153.83
797,Gunter,Kilalea,gkilaleam4@hugedomains.com,Bigender,160.145.135.8
798,Virgil,Hinrichs,vhinrichsm5@webmd.com,Female,122.80.251.142
799,Haslett,Norquay,hnorquaym6@bluehost.com,Agender,223.213.232.211
800,Fredrick,Kevlin,fkevlinm7@sitemeter.com,Male,147.108.128.166
801,Waiter,Iowarch,wiowarchm8@fastcompany.com,Male,82.242.215.223
802,Tobey,Doctor,tdoctorm9@netvibes.com,Male,186.32.123.176
803,Sharl,Yurikov,syurikovma@stanford.edu,Female,34.8.79.158
804,Tremayne,Mellmoth,tmellmothmb@fotki.com,Agender,174.135.191.59
805,Dorothee,Yezafovich,dyezafovichmc@icq.com,Female,71.92.112.128
806,Bev,Domenico,bdomenicomd@addtoany.com,Non-binary,75.159.20.55
807,Ginny,Vasyagin,gvasyaginme@cnbc.com,Male,165.250.49.59
808,Chelsie,Baggelley,cbaggelleymf@bbb.org,Female,87.46.11.93
809,Gray,Richfield,grichfieldmg@businessweek.com,Male,43.145.226.168
810,Grover,Duckit,gduckitmh@plala.or.jp,Male,35.232.11.93
811,Jori,Rucklesse,jrucklessemi@blogspot.com,Non-binary,97.15.61.160
812,Austine,Fraanchyonok,afraanchyonokmj@ihg.com,Genderfluid,138.225.158.114
813,Cindi,Moorrud,cmoorrudmk@gizmodo.com,Agender,86.63.33.58
814,Phil,Ordemann,pordemannml@japanpost.jp,Female,206.141.33.168
815,Vere,Attewell,vattewellmm@elegantthemes.com,Non-binary,100.67.161.70
816,Darelle,Christopherson,dchristophersonmn@mail.ru,Genderfluid,98.34.221.198
817,Ernest,Scarse,escarsemo@indiatimes.com,Genderfluid,153.70.6.234
818,Sander,Iamittii,siamittiimp@nifty.com,Genderqueer,187.17.1.246
819,Flem,Willis,fwillismq@mozilla.org,Genderfluid,8.38.133.131
820,Gael,Meneer,gmeneermr@army.mil,Bigender,225.146.79.110
821,Clemens,Sandeland,csandelandms@lulu.com,Non-binary,7.170.165.13
822,Ernie,Cavil,ecavilmt@blogtalkradio.com,Non-binary,62.65.141.45
823,Samantha,Gellately,sgellatelymu@blogger.com,Agender,96.223.242.209
824,Hodge,Ech,hechmv@cam.ac.uk,Male,127.125.40.112
825,Eden,Iceton,eicetonmw@columbia.edu,Female,22.53.106.19
826,Dody,Gunston,dgunstonmx@sphinn.com,Female,225.216.94.222
827,Richmound,Wiltshear,rwiltshearmy@dailymotion.com,Non-binary,236.204.255.63
828,Leonerd,Tulleth,ltullethmz@yellowbook.com,Non-binary,157.12.55.124
829,Corette,Sapsford,csapsfordn0@blogtalkradio.com,Agender,191.221.220.111
830,Bryce,McCrystal,bmccrystaln1@opera.com,Genderqueer,141.79.198.27
831,Ly,Miranda,lmirandan2@un.org,Genderfluid,92.43.103.132
832,Daryl,Strotone,dstrotonen3@google.com,Bigender,84.244.104.8
833,Annabell,Erangey,aerangeyn4@pagesperso-orange.fr,Agender,235.255.198.63
834,Lawry,Huot,lhuotn5@eventbrite.com,Female,203.26.96.78
835,Nikolai,McNeill,nmcneilln6@uol.com.br,Genderqueer,109.122.88.208
836,Sasha,McClaren,smcclarenn7@wufoo.com,Non-binary,170.241.112.135
837,Isidoro,Ricold,iricoldn8@princeton.edu,Polygender,101.137.126.143
838,Garv,Terran,gterrann9@so-net.ne.jp,Polygender,128.97.21.183
839,Nydia,Lilly,nlillyna@istockphoto.com,Genderfluid,108.82.164.234
840,Alvie,Cragoe,acragoenb@pcworld.com,Female,158.55.208.86
841,Fabio,Torricella,ftorricellanc@youtube.com,Bigender,77.102.172.203
842,Boot,Piscopello,bpiscopellond@ucoz.com,Non-binary,228.76.151.225
843,Arney,Jaques,ajaquesne@telegraph.co.uk,Male,28.126.30.63
844,Giff,Pallister,gpallisternf@facebook.com,Non-binary,222.248.83.72
845,Cara,O'Cahill,cocahillng@1und1.de,Female,201.81.252.163
846,Mirelle,Perazzo,mperazzonh@amazonaws.com,Agender,72.45.56.0
847,Samaria,Eyam,seyamni@ovh.net,Agender,112.89.117.255
848,Murial,Oolahan,moolahannj@nasa.gov,Non-binary,122.35.209.26
849,Ralph,Thorneloe,rthorneloenk@liveinternet.ru,Polygender,206.183.134.95
850,Ulric,Stockney,ustockneynl@time.com,Bigender,115.237.216.139
851,Delila,Nardoni,dnardoninm@unicef.org,Female,49.213.195.209
852,Adela,Barrell,abarrellnn@ibm.com,Male,44.112.229.16
853,Babb,Doe,bdoeno@ehow.com,Genderfluid,138.241.96.54
854,Ernestine,Langman,elangmannp@jugem.jp,Bigender,220.234.32.160
855,Rolfe,Dowman,rdowmannq@soup.io,Non-binary,243.111.42.51
856,Curr,Van Rembrandt,cvanrembrandtnr@quantcast.com,Male,45.101.103.150
857,Kettie,Toolin,ktoolinns@edublogs.org,Genderfluid,3.66.26.168
858,Jaquenetta,Pendell,jpendellnt@google.pl,Non-binary,10.75.46.239
859,Hermione,Charrette,hcharrettenu@shinystat.com,Non-binary,86.143.51.117
860,Lanny,Madison,lmadisonnv@rakuten.co.jp,Female,22.11.10.229
861,Gertie,Kentish,gkentishnw@chronoengine.com,Bigender,72.36.218.63
862,Saidee,Gillard,sgillardnx@netlog.com,Bigender,214.5.131.105
863,Fax,Dradey,fdradeyny@pinterest.com,Genderfluid,7.53.99.193
864,Brucie,Fargie,bfargienz@last.fm,Agender,31.229.214.224
865,Kaspar,Comettoi,kcomettoio0@umn.edu,Agender,184.210.61.231
866,John,Adkins,jadkinso1@hexun.com,Male,116.27.69.6
867,Yulma,MacGillavery,ymacgillaveryo2@meetup.com,Female,22.219.250.201
868,Aldous,Newbold,anewboldo3@hatena.ne.jp,Genderqueer,49.79.214.204
869,Beau,Chamney,bchamneyo4@cdbaby.com,Agender,142.16.13.78
870,Link,Cline,lclineo5@google.com.br,Bigender,67.13.101.142
871,Esther,Gateman,egatemano6@theglobeandmail.com,Polygender,156.138.187.165
872,Bab,Shafto,bshaftoo7@unblog.fr,Female,197.200.4.11
873,Yvon,Rees,yreeso8@oracle.com,Polygender,217.94.218.244
874,Corrine,Rought,croughto9@geocities.jp,Genderqueer,106.59.98.126
875,Thomas,Simonds,tsimondsoa@e-recht24.de,Male,19.30.190.189
876,Tiffy,Drissell,tdrissellob@tripod.com,Agender,35.127.88.38
877,Marcella,Fry,mfryoc@geocities.com,Bigender,153.62.86.199
878,Phaedra,Errey,perreyod@ameblo.jp,Non-binary,5.149.237.75
879,Sauveur,Weiss,sweissoe@google.com.br,Female,55.219.176.28
880,Rod,Sibbet,rsibbetof@sourceforge.net,Male,53.88.68.244
881,Christos,Ullock,cullockog@wiley.com,Agender,24.224.104.187
882,Basilius,Adlington,badlingtonoh@exblog.jp,Genderqueer,180.185.211.17
883,Conn,Romke,cromkeoi@taobao.com,Male,66.80.252.97
884,Luce,Linneman,llinnemanoj@vimeo.com,Non-binary,254.72.216.54
885,Abey,Schukraft,aschukraftok@statcounter.com,Female,11.125.58.138
886,Emmanuel,Gerger,egergerol@pen.io,Genderfluid,71.16.157.80
887,Wendye,Mullineux,wmullineuxom@eepurl.com,Non-binary,1.176.129.253
888,Mireille,Rickaby,mrickabyon@chicagotribune.com,Agender,15.92.57.241
889,Bordy,Loving,blovingoo@mlb.com,Genderqueer,43.240.173.210
890,Davin,Dewfall,ddewfallop@marketwatch.com,Agender,151.41.75.167
891,Christan,Vaudre,cvaudreoq@aol.com,Genderqueer,41.122.99.173
892,Welsh,Sinderson,wsindersonor@smh.com.au,Male,54.67.154.78
893,Wang,Whardley,wwhardleyos@jugem.jp,Genderfluid,12.189.212.33
894,Kristal,Longstreeth,klongstreethot@fc2.com,Genderfluid,240.0.161.229
895,Renaud,Cracie,rcracieou@weebly.com,Agender,39.10.239.16
896,Fidole,Michelotti,fmichelottiov@imageshack.us,Genderqueer,106.193.243.61
897,Pinchas,Marham,pmarhamow@surveymonkey.com,Male,168.98.172.166
898,Tyson,Redolfi,tredolfiox@youku.com,Polygender,117.248.78.162
899,Dorette,Thys,dthysoy@networkadvertising.org,Bigender,142.233.253.52
900,Ransell,Chritchlow,rchritchlowoz@cisco.com,Genderqueer,24.233.202.208
901,Sigismond,Blaver,sblaverp0@domainmarket.com,Male,196.29.67.11
902,Kevon,Mandry,kmandryp1@sciencedaily.com,Genderqueer,153.101.68.223
903,Cosette,Letrange,cletrangep2@ucoz.ru,Genderfluid,151.175.102.72
904,Hedi,Moat,hmoatp3@princeton.edu,Agender,26.144.149.32
905,Lia,Coath,lcoathp4@ycombinator.com,Female,205.53.9.99
906,Jeni,Stanex,jstanexp5@cnn.com,Male,41.69.137.184
907,Norman,Pietrzak,npietrzakp6@cisco.com,Male,143.124.35.32
908,Rhodie,Goggan,rgogganp7@sbwire.com,Genderfluid,4.137.3.112
909,Abner,Ledgley,aledgleyp8@domainmarket.com,Genderqueer,231.150.146.1
910,Lind,Longstreet,llongstreetp9@oakley.com,Agender,127.17.63.12
911,Babb,Feldbrin,bfeldbrinpa@miibeian.gov.cn,Male,95.254.27.132
912,Maryl,Eustanch,meustanchpb@mtv.com,Polygender,98.134.221.219
913,Livy,Giamelli,lgiamellipc@deviantart.com,Non-binary,65.255.183.188
914,Hobey,Formigli,hformiglipd@jimdo.com,Male,156.74.55.115
915,Brit,Player,bplayerpe@blogger.com,Bigender,86.32.125.34
916,Clement,MacVagh,cmacvaghpf@domainmarket.com,Female,172.72.150.189
917,Rowena,Sweetsur,rsweetsurpg@4shared.com,Non-binary,59.117.159.112
918,Svend,Winckles,swincklesph@1und1.de,Polygender,15.101.56.74
919,Bidget,Brinsden,bbrinsdenpi@shinystat.com,Genderqueer,134.180.248.63
920,Gerick,Sheehan,gsheehanpj@free.fr,Polygender,143.14.181.123
921,Hanan,Lyle,hlylepk@ameblo.jp,Genderqueer,114.242.133.95
922,Jemimah,Klempke,jklempkepl@bloomberg.com,Male,177.161.193.90
923,Melonie,Myring,mmyringpm@freewebs.com,Female,13.203.112.196
924,Jeth,Carlaw,jcarlawpn@ustream.tv,Agender,117.248.213.31
925,Mortimer,Riply,mriplypo@state.tx.us,Male,10.31.252.67
926,Bella,Suttie,bsuttiepp@youku.com,Genderqueer,121.190.34.242
927,Eilis,Lauridsen,elauridsenpq@businesswire.com,Male,172.45.181.182
928,Ingmar,Glantz,iglantzpr@ameblo.jp,Non-binary,73.33.210.241
929,Cahra,Flay,cflayps@ameblo.jp,Genderfluid,223.255.50.44
930,Enid,Joselevitch,ejoselevitchpt@sfgate.com,Genderfluid,88.168.171.106
931,Angelina,Ratke,aratkepu@businessweek.com,Polygender,126.150.15.161
932,Jerrie,Crosskill,jcrosskillpv@uol.com.br,Male,161.26.138.37
933,Randy,Ryall,rryallpw@discovery.com,Genderqueer,226.250.82.34
934,Reed,Hanshawe,rhanshawepx@illinois.edu,Genderfluid,232.62.108.134
935,Elisabet,Eydel,eeydelpy@drupal.org,Female,195.127.18.76
936,Georgeanna,Sobieski,gsobieskipz@dmoz.org,Genderfluid,230.79.110.171
937,Laureen,Yusupov,lyusupovq0@aol.com,Female,191.85.136.157
938,Perry,Simonsson,psimonssonq1@i2i.jp,Male,151.168.94.225
939,Gideon,Pidgen,gpidgenq2@dropbox.com,Genderqueer,115.145.225.100
940,Loria,Attrill,lattrillq3@pcworld.com,Non-binary,119.30.175.239
941,Bearnard,Tanslie,btanslieq4@yandex.ru,Genderqueer,214.118.254.196
942,Ashleigh,Cassedy,acassedyq5@tmall.com,Female,46.105.61.185
943,Jeromy,Ternouth,jternouthq6@yandex.ru,Non-binary,7.27.248.44
944,Hillery,Haney`,hhaneyq7@sun.com,Agender,19.194.154.187
945,Emyle,Bellis,ebellisq8@latimes.com,Genderfluid,76.195.93.151
946,Loni,Bate,lbateq9@tuttocitta.it,Female,146.33.111.17
947,Joycelin,Pevsner,jpevsnerqa@globo.com,Female,255.128.69.47
948,Auroora,Kiss,akissqb@nytimes.com,Bigender,117.33.228.198
949,Ladonna,Elgie,lelgieqc@cbslocal.com,Non-binary,70.65.89.3
950,Juline,Kleinber,jkleinberqd@ow.ly,Genderqueer,100.20.205.83
951,Ulric,Shortcliffe,ushortcliffeqe@blogs.com,Agender,19.250.164.62
952,Willem,Hicken,whickenqf@meetup.com,Female,92.11.29.233
953,Brittany,Woolaghan,bwoolaghanqg@php.net,Genderfluid,8.220.114.243
954,Gloria,Bienvenu,gbienvenuqh@cnbc.com,Male,37.7.134.97
955,Johnna,Burridge,jburridgeqi@blogspot.com,Non-binary,66.216.212.59
956,Killie,Rosenstengel,krosenstengelqj@last.fm,Male,224.222.3.46
957,Evered,Knowlton,eknowltonqk@csmonitor.com,Bigender,17.224.131.254
958,Andreana,Huguenet,ahuguenetql@google.com,Female,100.209.20.77
959,Liva,Biasotti,lbiasottiqm@nba.com,Bigender,129.135.31.238
960,Lionello,Ianno,liannoqn@gmpg.org,Genderfluid,26.33.103.85
961,Jedd,Gregorace,jgregoraceqo@issuu.com,Genderqueer,92.158.200.26
962,Abraham,Devenport,adevenportqp@domainmarket.com,Genderfluid,205.60.140.123
963,Elwin,Dabbs,edabbsqq@jalbum.net,Agender,143.11.60.112
964,Albertina,Matusovsky,amatusovskyqr@multiply.com,Female,6.140.202.176
965,Kin,Drillot,kdrillotqs@freewebs.com,Male,68.35.241.137
966,Sutton,Tellenbrok,stellenbrokqt@webs.com,Polygender,177.5.73.33
967,Candie,Unger,cungerqu@theglobeandmail.com,Genderfluid,113.68.253.59
968,Alene,Pidgen,apidgenqv@msu.edu,Male,83.216.65.57
969,Andrus,Baison,abaisonqw@barnesandnoble.com,Genderfluid,110.44.204.250
970,Jeannie,Terry,jterryqx@wikipedia.org,Bigender,179.180.163.218
971,Fenelia,Gillison,fgillisonqy@spiegel.de,Female,87.174.196.3
972,Nevin,Parlot,nparlotqz@aol.com,Agender,160.188.172.128
973,Dannye,MacVicar,dmacvicarr0@deliciousdays.com,Genderfluid,151.113.252.187
974,Rheta,Tow,rtowr1@google.com.br,Female,94.46.1.161
975,Felic,Lyddy,flyddyr2@google.com.br,Polygender,192.57.228.98
976,Innis,Margrie,imargrier3@mysql.com,Agender,9.84.191.74
977,Daron,Kornousek,dkornousekr4@opensource.org,Genderqueer,190.158.243.3
978,Zitella,Ladley,zladleyr5@mlb.com,Non-binary,183.174.179.25
979,Devin,Bowman,dbowmanr6@patch.com,Female,164.203.235.138
980,Tadeas,Learmont,tlearmontr7@networkadvertising.org,Genderqueer,77.176.216.212
981,Phillida,Guilaem,pguilaemr8@weather.com,Genderqueer,246.214.153.166
982,Mariam,Tytler,mtytlerr9@addthis.com,Bigender,92.57.186.159
983,Clary,Da Costa,cdacostara@youku.com,Genderqueer,81.12.69.8
984,Simeon,Hollingshead,shollingsheadrb@nhs.uk,Genderqueer,57.18.250.238
985,Tessy,Obal,tobalrc@cbc.ca,Genderfluid,201.221.86.61
986,Jake,Freeman,LANHIEBDEGBRKAIO@statefarm.com,Male,134.57.53.54
987,Obie,Ringe,oringere@washingtonpost.com,Agender,40.98.137.115
988,Oberon,Whittingham,owhittinghamrf@netscape.com,Agender,115.43.253.192
989,Esmeralda,Beardshall,ebeardshallrg@unc.edu,Genderqueer,209.78.101.151
990,Patin,Caudrelier,pcaudrelierrh@abc.net.au,Polygender,131.229.173.223
991,Roy,Rentcome,rrentcomeri@addthis.com,Non-binary,111.58.5.236
992,Tory,MacNeish,tmacneishrj@apple.com,Non-binary,194.168.122.151
993,Dot,Bwye,dbwyerk@prweb.com,Female,172.77.58.219
994,Lorry,Feechan,lfeechanrl@diigo.com,Polygender,32.89.219.149
995,Sig,Leeming,sleemingrm@bluehost.com,Genderqueer,244.187.95.235
996,Margaretha,Adamovitz,madamovitzrn@springer.com,Genderfluid,162.93.4.212
997,Eartha,Robillard,erobillardro@163.com,Non-binary,170.141.126.163
998,Fitzgerald,Dalliwater,fdalliwaterrp@wiley.com,Polygender,22.8.249.204
999,Glennie,Hastie,ghastierq@pbs.org,Male,60.42.173.218
1000,Tiphani,Franc,tfrancrr@example.com,Male,239.248.65.193
